guid/image/axis,value
fold1/0000/x,1.5782281
fold1/0000/y,-0.54495955
fold1/0000/z,11.413322
fold2/0001/x,1.5553395
fold2/0001/y,-0.48510996
fold2/0001/z,10.664903
fold3/0002/x,0.5618885
fold3/0002/y,-0.797981
fold3/0002/z,12.733524
